﻿rbm-be;RBM BE;;RBM;"BIND
RBM_BE
ORACLE
WEBLOGIC";"RBM_BE_DB
RBM_BE_APP
ECA";5;-;TLNT01;;;FALSE;2;8192;80;10.106.4.127
;;;;;;;;;;;;;;;
rbm-fe-s1-h1;FE APP/DB A;;ORACLE_S1;"RBM_FE
ORACLE";"RBM_FE_DB_S1
RBM_FE_HA_S1
OPENSAF_CONTROLLER_S1
CLUSTER_CCONFIG_NODE";1;-;TLNT02A,TLNT02B;1;3;FALSE;4;8192;80;10.106.4.128
rbm-fe-s1-h2;FE APP/DB B;;ORACLE_S1;"RBM_FE
ORACLE";"RBM_FE_DB_S1
RBM_FE_HA_S1";1;-;TLNT03A,TLNT03B;2;4;FALSE;4;8192;80;10.106.4.129
smart-cas-s1-h1;SMART APP/DB CAS A;CASSANDRA_UIM_S1;"CASSANDRA_S1
IGNITE_S1
SEEDS_NODES_S1
SMART_S1
SPARK_S1
SPARK_MASTERS_S1";"CUBE
SMART";;1;-;;;;TRUE;4;8192;50;10.106.4.130
smart-cas-s1-h2;SMART APP/DB CAS B;CASSANDRA_UIM_S1;"CASSANDRA_S1
IGNITE_S1
SEEDS_NODES_S1
SMART_S1
SPARK_S1";"CUBE
SMART";;1;-;;;;TRUE;4;8192;50;10.106.4.131
smart-cas-s1-h3;SMART DB CAS C;CASSANDRA_UIM_S1;"CASSANDRA_S1
IGNITE_S1";"CUBE
SMART";;1;-;;;;TRUE;4;6144;50;10.106.4.132
kafka-s1-h1;KAFKA+ZK A;"KAFKA_CUBE_S1
ZK_S1";"KAFKA_LEAD_S1
KAFKA_SMART_S1
ZK_S1";"CUBE
SMART";;1;10;;;;FALSE;2;2048;20;10.106.4.133
kafka-s1-h2;KAFKA+ZK B;"KAFKA_CUBE_S1
ZK_S1";"KAFKA_SMART_S1
ZK_S1";"CUBE
SMART";;1;11;;;;FALSE;2;2048;20;10.106.4.134
kafka-s1-h3;KAFKA+ZK C;"KAFKA_CUBE_S1
ZK_S1";"KAFKA_SMART_S1
ZK_S1";"CUBE
SMART";;1;12;;;;FALSE;2;2048;20;10.106.4.135
uim-s1-h1;UIM A;UIM_S1;;CUBE;;1;-;;;;FALSE;2;1024;10;10.106.4.136
uim-s1-h2;UIM B;UIM_S1;;CUBE;;1;-;;;;FALSE;2;1024;10;10.106.4.137
oams-s1-h1;OAMS;"COLLECTD_CLIENT_S1
OAM_S1";OAM_S1;CUBE;;1;-;;;;FALSE;2;1024;30;10.106.4.138
;;;;;;;;;;;;;;;
rbm-fe-s2-h1;FE APP/DB A;;ORACLE_S2;"RBM_FE
ORACLE";"RBM_FE_DB_S2
RBM_FE_HA_S2
OPENSAF_CONTROLLER_S2";2;-;TLNT04A,TLNT04B;3;1;FALSE;4;8192;80;10.106.4.139
rbm-fe-s2-h2;FE APP/DB B;;ORACLE_S2;"RBM_FE
ORACLE";"RBM_FE_DB_S2
RBM_FE_HA_S2";2;-;TLNT05A,TLNT05B;4;2;FALSE;4;8192;80;10.106.4.140
smart-cas-s2-h1;SMART APP/DB CAS A;CASSANDRA_UIM_S2;"CASSANDRA_S2
IGNITE_S2
SEEDS_NODES_S2
SMART_S2
SPARK_S2
SPARK_MASTERS_S2";SMART;;2;-;;;;TRUE;4;8192;50;10.106.4.141
smart-cas-s2-h2;SMART APP/DB CAS B;CASSANDRA_UIM_S2;"CASSANDRA_S2
IGNITE_S2
SEEDS_NODES_S2
SMART_S2
SPARK_S2";SMART;;2;-;;;;TRUE;4;8192;50;10.106.4.142
smart-cas-s2-h3;SMART DB CAS C;CASSANDRA_UIM_S2;"CASSANDRA_S2
IGNITE_S2";SMART;;2;-;;;;TRUE;4;6144;50;10.106.4.143
kafka-s2-h1;KAFKA+ZK A;"KAFKA_CUBE_S2
ZK_S2";"KAFKA_LEAD_S2
KAFKA_SMART_S2
ZK_S2";"CUBE
SMART";;2;20;;;;FALSE;2;2048;20;10.106.4.144
kafka-s2-h2;KAFKA+ZK B;"KAFKA_CUBE_S2
ZK_S2";"KAFKA_SMART_S2
ZK_S2";"CUBE
SMART";;2;21;;;;FALSE;2;2048;20;10.106.4.145
kafka-s2-h3;KAFKA+ZK C;"KAFKA_CUBE_S2
ZK_S2";"KAFKA_SMART_S2
ZK_S2";"CUBE
SMART";;2;22;;;;FALSE;2;2048;20;10.106.4.146
uim-s2-h1;UIM A;UIM_S2;;CUBE;;2;-;;;;FALSE;2;1024;10;10.106.4.147
uim-s2-h2;UIM B;UIM_S2;;CUBE;;2;-;;;;FALSE;2;1024;10;10.106.4.148
qcm-cas-s2-h1;QCM APP/DB CAS D;"ACTION_MANAGER_S2
CASSANDRA_LINE_S2
CASSANDRA_SHARED_S2
DSE_ANALYTICS_S2
QCM_API_S2
QCM_S2
OSDL_S2";;CUBE;;2;-;;;;FALSE;4;6144;50;10.106.4.149
qcm-cas-s2-h2;QCM APP/DB CAS E;"ACTION_MANAGER_S2
CASSANDRA_LINE_S2
CASSANDRA_SHARED_S2
DSE_ANALYTICS_S2
QCM_API_S2
QCM_S2
OSDL_S2";;CUBE;;2;-;;;;FALSE;4;6144;50;10.106.4.150
qcm-cas-s2-h3;QCM CAS F;"CASSANDRA_LINE_S2
CASSANDRA_SHARED_S2
DSE_ANALYTICS_S2";;CUBE;;2;-;;;;FALSE;4;4096;50;10.106.4.151
oams-s2-h1;OAMS;"ALERT_MANAGER_S2
OAM_S2
COLLECTD_CLIENT_S2
KPI_AGGREGATOR_S2
OAM_S2
SNMP_PROXY_S2";OAM_S2;CUBE;;2;-;;;;FALSE;2;6144;30;10.106.4.152
ddrs-s2-h1;DDRS A;DDRS_S2;;CUBE;;2;-;;;;FALSE;2;1024;10;10.106.4.153
ddrs-s2-h2;DDRS B;DDRS_S2;;CUBE;;2;-;;;;FALSE;2;1024;10;10.106.4.154
;;;;;;;;;;;;;;;
kafka-s3-h1;KAFKA+ZK A;"KAFKA_CUBE_S3
ZK_S3";;CUBE;;3;30;;;;FALSE;2;2048;20;10.106.4.155
kafka-s3-h2;KAFKA+ZK B;"KAFKA_CUBE_S3
ZK_S3";;CUBE;;3;31;;;;FALSE;2;2048;20;10.106.4.156
kafka-s3-h3;KAFKA+ZK C;"KAFKA_CUBE_S3
ZK_S3";;CUBE;;3;32;;;;FALSE;2;2048;20;10.106.4.157
qcm-cas-s3-h1;QCM APP/DB CAS D;"ACTION_MANAGER_S3
CASSANDRA_LINE_S3
CASSANDRA_SHARED_S3
DSE_ANALYTICS_S3
QCM_API_S3
QCM_S3
OSDL_S3";;CUBE;;3;-;;;;TRUE;4;6144;50;10.106.4.158
qcm-cas-s3-h2;QCM APP/DB CAS E;"ACTION_MANAGER_S3
CASSANDRA_LINE_S3
CASSANDRA_SHARED_S3
DSE_ANALYTICS_S3
QCM_API_S3
QCM_S3
OSDL_S3";;CUBE;;3;-;;;;TRUE;4;6144;50;10.106.4.159
qcm-cas-s3-h3;QCM CAS F;"CASSANDRA_LINE_S3
CASSANDRA_SHARED_S3
DSE_ANALYTICS_S3
OSDL_S3";;CUBE;;3;-;;;;TRUE;4;6144;50;10.106.4.160
oams-s3-h1;OAMS;"ALERT_MANAGER_S3
COLLECTD_CLIENT_S3
KPI_AGGREGATOR_S3
OAM_S3
SNMP_PROXY_S3";;CUBE;;3;-;;;;FALSE;2;6144;30;10.106.4.83
ddrs-s3-h1;DDRS A;DDRS_S3;;CUBE;;3;-;;;;FALSE;2;1024;10;10.106.4.84
ddrs-s3-h2;DDRS B;DDRS_S3;;CUBE;;3;-;;;;FALSE;2;1024;10;10.106.4.85
;;;;;;;;;;;;;;;
kafka-s4-h1;KAFKA+ZK A;"KAFKA_CUBE_S4
ZK_S4";;CUBE;;4;40;;;;FALSE;2;2048;20;10.106.4.86
kafka-s4-h2;KAFKA+ZK B;"KAFKA_CUBE_S4
ZK_S4";;CUBE;;4;41;;;;FALSE;2;2048;20;10.106.4.87
kafka-s4-h3;KAFKA+ZK C;"KAFKA_CUBE_S4
ZK_S4";;CUBE;;4;42;;;;FALSE;2;2048;20;10.106.4.88
qcm-cas-s4-h1;QCM APP/DB CAS D;"ACTION_MANAGER_S4
CASSANDRA_LINE_S4
CASSANDRA_SHARED_S4
DSE_ANALYTICS_S4
QCM_API_S4
QCM_S4
OSDL_S4";;CUBE;;4;-;;;;TRUE;4;6144;50;10.106.4.89
qcm-cas-s4-h2;QCM APP/DB CAS E;"ACTION_MANAGER_S4
CASSANDRA_LINE_S4
CASSANDRA_SHARED_S4
DSE_ANALYTICS_S4
QCM_API_S4
QCM_S4
OSDL_S4";;CUBE;;4;-;;;;TRUE;4;6144;50;10.106.4.90
qcm-cas-s4-h3;QCM CAS F;"CASSANDRA_LINE_S4
CASSANDRA_SHARED_S4
DSE_ANALYTICS_S4
OSDL_S4";;CUBE;;4;-;;;;TRUE;4;6144;50;10.106.4.91
oams-s4-h1;OAMS;"ALERT_MANAGER_S4
OAM_S4
COLLECTD_CLIENT_S4
KPI_AGGREGATOR_S4
OAM_S4
SNMP_PROXY_S4";;CUBE;;4;-;;;;FALSE;2;6144;30;10.106.4.92
ddrs-s4-h1;DDRS A;DDRS_S4;;CUBE;;4;-;;;;FALSE;2;1024;10;10.106.4.93
ddrs-s4-h2;DDRS B;DDRS_S4;;CUBE;;4;-;;;;FALSE;2;1024;10;10.106.4.94