<assembly xmlns="http://maven.apache.org/plugins/maven-assembly-plugin/assembly/1.1.0" 
xmlns:xsi="http://www.w3.org/2001/XMLSchema-instance"
xsi:schemaLocation="http://maven.apache.org/plugins/maven-assembly-plugin/assembly/1.1.0 http://maven.apache.org/xsd/assembly-1.1.0.xsd">
	<id>make common build zip</id>
	<formats>		
		<format>zip</format>
	</formats>
	<includeBaseDirectory>false</includeBaseDirectory>
	<fileSets>
		<fileSet>
			<directory>configs/idrop5/smart</directory>
			<outputDirectory>config_sources/config-parts</outputDirectory>
            <includes>
                <include>00.solution-specific-parameters*/**</include>
            </includes>
            <excludes>
                <exclude>**/.gitkeep</exclude>
            </excludes>
		</fileSet>	
	</fileSets>
</assembly>