<project name="installer" default="install">
    <property name="NETCRACKER_HOME" location="./" />
    <property name="patch_name" value="COMPONENT_NAME" />

    <property name="req.AIVersion" value="4.26.0.0"/>
    <!--property name="node_step_list" value="1,2"/-->	
    <property name="nc.previous.version" value="" />
    <property name="nc.installed.version" value="" />

    <!-- Setup this property to dir with installer-->
    <property name="INSTALLER_HOME" location="${NETCRACKER_HOME}/AutoInstaller" />

    <import file="${INSTALLER_HOME}/build.xml" />

    <property name="INFINYS_ROOT" value="${env.INFINYS_ROOT}"/>
    <property name="DATABASE" value="${env.DATABASE}"/>
    <property name="execute.first.sql" value="EXEC_FIRST_SQL" />
    <property name="execute_as_dba" value="EXEC_SYS_SQL" />
    <property name="skip_val" value="false" />
    <property file="${INSTALLER_HOME}/config_rbm.properties" />

    <property name="step_list" value="1-99"/>

    <property name="node_step_list" value="" />

    <target name="update.sql.defines">
        <if>
            <available file="${property.file}"/>
            <then>
                <propertyreplacer srcfile="${property.file}">
                    <fileset dir="${sql.workdir}" includes="${sql.files}"/>
                </propertyreplacer>
            </then>
        </if>
    </target>

    <target name="preinstall_step1">
        <antcall target='checkAI_version'>
            <param name="reqVersion" value="${req.AIVersion}"/>
        </antcall>
    </target>

    
    <target name="preinstall_step2">
        <failIfEmpty property="env.INFINYS_ROOT" message="Variable 'INFINYS_ROOT' is not set. Please export it and restart the installation"/>
        <failIfEmpty property="env.DB_HOST" message="Variable 'DB_HOST' is not set. Please export it and restart the installation"/>
        <failIfEmpty property="env.DB_PORT" message="Variable 'DB_PORT' is not set. Please export it and restart the installation"/>
        <failIfEmpty property="env.ORACLE_SID" message="Variable 'ORACLE_SID' is not set. Please export it and restart the installation"/>

        <failIfEmpty property="env.STAGE_ROOT" message="Variable 'STAGE_ROOT' is not set. Please export it and restart the installation"/>
        <failIfEmpty property="env.DEPLOYABLE_ROOT" message="Variable 'DEPLOYABLE_ROOT' is not set. Please export it and restart the installation"/>

        <if>
            <equals arg1="${execute.first.sql}" arg2="true" />
            <then>
                <failIfEmpty property="env.DATABASE" message="Variable 'DATABASE' is not set. Please export it and restart the installation"/>
            </then>
        </if>
    </target>

    <target name="preinstall_step3">
        <PromtIfEmpty prop="AI_ADMIN_USER" ispassword="no" />
        <PromtIfEmpty prop="AI_ADMIN_PASSWORD" ispassword="yes"/>

        <antcall target="add.db.scheme.manager">
            <param name="component_name" value="configuration_summary"/>
            <param name="scheme" value="AI_ADMIN"/>
            <param name="url" value="(DESCRIPTION=(ADDRESS=(PROTOCOL=tcp)(HOST=${env.DB_HOST})(PORT=${env.DB_PORT}))(CONNECT_DATA=(SERVICE_NAME=${env.ORACLE_SID})))"/>
            <param name="user" value="${AI_ADMIN_USER}"/>
            <param name="password" value="${AI_ADMIN_PASSWORD}"/>
        </antcall>

        <if>
            <equals arg1="${skip_val}" arg2="true" casesensitive="false" />
            <then>
                <echo message="Validation skipped" />
            </then>
            <else>
                <echo message="Validation..." />
                <proveInstalledComponent abbreviation="MODULE_NAME" version="${current.version}" assert="less_or_equals"/>
                <echo message="Validation was successfully completed" />
            </else>
        </if>
    </target>

    <target name="preinstall_step4">
        <antcall target="backup.files">
            <param name="includeFileNames" value="all" />
            <param name="excludeFileNames" value=".sql,.spc,.plb,.bdy,${patch_name}_install.xml" />
            <param name="zipName" value="${zip_name}.zip" />
        </antcall>
    </target>	

    <target name="preinstall_step5">
        <chmod file="${INFINYS_ROOT}/install/package_backup.sh" perm="+x"/>
        <exec dir="${INFINYS_ROOT}/install" executable="package_backup.sh" failonerror="true">
            <arg value="-b"/>
            <arg value="${ai.backup.dir}/backUp/${package_name}/${cur_log_directory}"/>
            <arg value="-d"/>
            <arg value="${DATABASE}"/>
            <arg value="-z"/>
            <arg value="${INFINYS_ROOT}/install/COMPONENT_NAME.zip"/>
        </exec>
    </target>

    <target name="step1">
        <unzip src="${INFINYS_ROOT}/install/${patch_name}.zip"
				dest="${env.STAGE_ROOT}/MODULE_NAME">
            <patternset>
                <include name="**/MODULE_NAME/**"/>
            </patternset>
        </unzip>
        <unzip src="${INFINYS_ROOT}/install/${patch_name}.zip"
				dest="${env.DEPLOYABLE_ROOT}">
            <patternset>
                <include name="**/MODULE_NAME/**"/>
            </patternset>
        </unzip>
    </target>

    <target name="step2">
        <pathconvert property="binaries" pathsep=", ">
            <zipfileset src="${INFINYS_ROOT}/install/${patch_name}.zip">
                <include name="**/bin/**"/>
                <exclude name="**/release_info.xml"/>
            </zipfileset>
            <map from="${INFINYS_ROOT}/install/${patch_name}.zip:MODULE_NAME/bin/" to=""/>
        </pathconvert>
        <echo>Providing executable permissions to ${line.separator}${binaries}</echo>
        <chmod perm="+x" verbose="true" dir="${INFINYS_ROOT}/MODULE_NAME/bin" includes="${binaries}"/>
        <chmod perm="+x" verbose="true" dir="${env.STAGE_ROOT}/MODULE_NAME/MODULE_NAME/bin" includes="${binaries}"/>
        <chmod perm="+x" verbose="true" dir="${env.DEPLOYABLE_ROOT}/MODULE_NAME/bin" includes="${binaries}"/>
    </target>	

    <target name="step3">
        <if>
            <equals arg1="${execute_as_dba}" arg2="true"/>
            <then>
                <echo message="[WARNING] This step requires DBA privileges"/>
                <PromtIfEmpty prop="SYS_USER" ispassword="no" />
                <PromtIfEmpty prop="SYS_PASSWORD" ispassword="yes"/>

                <antcall target="add.db.scheme.manager">
                    <param name="component_name" value="MODULE_NAME"/>
                    <param name="scheme" value="sysdba"/>
                    <param name="url" value="(DESCRIPTION=(ADDRESS=(PROTOCOL=tcp)(HOST=${env.DB_HOST})(PORT=${env.DB_PORT}))(CONNECT_DATA=(SERVICE_NAME=${env.ORACLE_SID})))"/>
                    <param name="user" value="${SYS_USER}"/>
                    <param name="password" value="${SYS_PASSWORD}"/>
                    <param name="as_sys" value="true"/>
                </antcall>
                <antcall target="execute_sql" >
                    <param name="sql.workdir" value="${INFINYS_ROOT}/MODULE_NAME/schema"/>
                    <param name="sql.file" value="CR93804_change.sql"/>
                    <param name="sql.db.scheme" value="sysdba" />
                    <param name="ignore_sql_errors" value="false"/>
                </antcall>
                <antcall target="del.db.scheme.manager">
                    <param name="component_name" value="MODULE_NAME"/>
                    <param name="scheme" value="sysdba"/>
                </antcall>
            </then>
        </if>
    </target>

    <target name="step4">
        <if>
            <equals arg1="${execute.first.sql}" arg2="true" />
            <then>
                <antcall target="update.sql.defines">
                    <param name="property.file" value="${INFINYS_ROOT}/install/config/${patch_name}.properties"/>
                    <param name="sql.workdir" value="${INFINYS_ROOT}/MODULE_NAME/schema"/>
                    <param name="sql.files" value="SCHEMA_CHANGES"/>
                </antcall>		
                <antcall target="execute_sql" >
                    <param name="sql.workdir" value="${INFINYS_ROOT}/MODULE_NAME/schema"/>
                    <param name="sql.file" value="first.sql"/>
                    <param name="sql.db.scheme" value="DATABASE" />
                    <param name="ignore_sql_errors" value="false"/>
                </antcall>
            </then>
        </if>
    </target>

    <target name="step5">
        <pathconvert property="mess.files" pathsep=",">
            <zipfileset src="${INFINYS_ROOT}/install/${patch_name}.zip">
                <include name="**/schema/mess/*.xml"/>
            </zipfileset>
            <map from="${INFINYS_ROOT}/install/${patch_name}.zip:MODULE_NAME/schema/mess/" to=""/>
        </pathconvert>
        
        <for param="mess.file" list="${mess.files}">
            <sequential>
                <echo message="Loading @{mess.file}"/>
                <exec dir="${INFINYS_ROOT}/MODULE_NAME/schema/mess" executable="RBmessc" failonerror="true">
                    <arg value="-d"/>
                    <arg value="${env.DATABASE}"/>
                    <arg value="@{mess.file}"/>
                </exec>
            </sequential>
        </for>
    </target>

     <target name="step6">
        <pathconvert property="jars" pathsep=",">
            <zipfileset src="${INFINYS_ROOT}/install/${patch_name}.zip">
                <include name="**/schema/java/api/*.jar"/>
            </zipfileset>
            <map from="${INFINYS_ROOT}/install/${patch_name}.zip:MODULE_NAME/schema/java/api/" to=""/>
        </pathconvert>

        <for param="jar" list="${jars}">
            <sequential>
                <echo message="Loading @{jar}"/>
                <exec dir="${INFINYS_ROOT}/MODULE_NAME/schema/java/api" executable="${env.ORACLE_HOME}/bin/loadjava" failonerror="true">
                    <arg value="-resolve"/>
                    <arg value="-force"/>
                    <arg value="-user"/>
                    <arg value="${env.DATABASE}"/>
                    <arg value="-verbose"/>
                    <arg value="@{jar}"/>
                </exec>
            </sequential>
        </for>
    </target>
    
    <target name="step7">			
        <antcall target="execute_sql" >
            <param name="sql.workdir" value="${INFINYS_ROOT}/MODULE_NAME/schema" />
            <param name="sql.file" value="component_version.sql" />
            <param name="sql.db.scheme" value="AI_ADMIN" />
            <param name="ignore_sql_errors" value="false"/>
        </antcall>		
    </target>


</project>
